{
  "total_questions": 297,
  "accuracy": 1.0,
  "avg_similarity": 0.8632853849969729,
  "avg_response_time": 4.57634935073981
}